Date,Close,Change
7/1/15,28.5,
7/2/15,28,-0.5
7/6/15,26.69,-1.31
7/7/15,27.01,0.32
7/8/15,26.25,-0.76
7/9/15,26.66,0.41
7/10/15,29.28,2.62
7/13/15,30.96,1.68
7/14/15,31.96,1
7/15/15,30.69,-1.27
7/16/15,30.95,0.26
7/17/15,30.6,-0.35
7/20/15,29.89,-0.71
7/21/15,30.5,0.61
7/22/15,31.09,0.59
7/23/15,30.54,-0.55
7/24/15,32.15,1.61
7/27/15,31.31,-0.84
7/28/15,30.83,-0.48
7/29/15,31.57,0.74
7/30/15,30.91,-0.66
7/31/15,31.57,0.66
8/3/15,33.2,1.63
8/4/15,34.82,1.62
8/5/15,33.06,-1.76
8/6/15,32.07,-0.99
8/7/15,30.83,-1.24
8/10/15,30.47,-0.36
8/11/15,28.76,-1.71
8/12/15,28.51,-0.25
8/13/15,29.79,1.28
8/14/15,28.52,-1.27
8/17/15,29.23,0.71
8/18/15,28.3,-0.93
8/19/15,26.85,-1.45
8/20/15,26.5,-0.35
8/21/15,25.64,-0.86
8/24/15,23.88,-1.76
8/25/15,23.2,-0.68
8/26/15,25.28,2.08
8/27/15,26.13,0.85
8/28/15,27.72,1.59
8/31/15,25.74,-1.98
9/1/15,22.85,-2.89
9/2/15,22.15,-0.7
9/3/15,22.41,0.26
9/4/15,20.82,-1.59
9/8/15,20.53,-0.29
9/9/15,22.56,2.03
9/10/15,22.98,0.42
9/11/15,23.5,0.52
9/14/15,23.07,-0.43
9/15/15,22.99,-0.08
9/16/15,22.06,-0.93
9/17/15,22.15,0.09
9/18/15,21.96,-0.19
9/21/15,22.24,0.28
9/22/15,24.5,2.26
9/23/15,24.46,-0.04
9/24/15,24.33,-0.13
9/25/15,22.35,-1.98
9/28/15,20.63,-1.72
9/29/15,21,0.37
9/30/15,22.29,1.29
10/1/15,22.81,0.52
10/2/15,18.24,-4.57
10/5/15,17.49,-0.75
10/6/15,16.64,-0.85
10/7/15,16.23,-0.41
10/8/15,16.8,0.57
10/9/15,17.25,0.45
10/12/15,18.03,0.78
10/13/15,18,-0.03
10/14/15,18.08,0.08
10/15/15,18.12,0.04
10/16/15,18,-0.12
10/19/15,18.21,0.21
10/20/15,17.84,-0.37
10/21/15,18.59,0.75
10/22/15,17.27,-1.32
10/23/15,18.2,0.93
10/26/15,18.42,0.22
10/27/15,18.94,0.52
10/28/15,20.07,1.13
10/29/15,19.67,-0.4
10/30/15,19.67,0
11/2/15,19.59,-0.08
11/3/15,17.59,-2
11/4/15,17.19,-0.4
11/5/15,16,-1.19
11/6/15,15.61,-0.39
11/9/15,16.2,0.59
11/10/15,15.84,-0.36
11/11/15,16.25,0.41
11/12/15,17.36,1.11
11/13/15,17.58,0.22
11/16/15,18.23,0.65
11/17/15,19.36,1.13
11/18/15,19.25,-0.11
11/19/15,18.46,-0.79
11/20/15,19,0.54
11/23/15,19.28,0.28
11/24/15,19.82,0.54
11/25/15,19.25,-0.57
11/27/15,19.52,0.27
11/30/15,21.25,1.73
12/1/15,21.52,0.27
12/2/15,20.91,-0.61
12/3/15,21.28,0.37
12/4/15,20.88,-0.4
12/7/15,20.64,-0.24
12/8/15,19.79,-0.85
12/9/15,18.78,-1.01
12/10/15,19.56,0.78
12/11/15,19,-0.56
12/14/15,18.39,-0.61
12/15/15,18.45,0.06
12/16/15,18.65,0.2
12/17/15,18.36,-0.29
12/18/15,18.1,-0.26
12/21/15,17.94,-0.16
12/22/15,17.68,-0.26
12/23/15,17.4,-0.28
12/24/15,17.67,0.27
12/28/15,17.43,-0.24
12/29/15,17.78,0.35
12/30/15,18.31,0.53
12/31/15,17.96,-0.35
1/4/16,17.99,0.03
1/5/16,19.5,1.51
1/6/16,20.66,1.16
1/7/16,20.18,-0.48
1/8/16,19.17,-1.01
1/11/16,19,-0.17
1/12/16,18.63,-0.37
1/13/16,16.91,-1.72
1/14/16,17.73,0.82
1/15/16,17.02,-0.71
1/19/16,16.63,-0.39
1/20/16,15.74,-0.89
1/21/16,16.34,0.6
1/22/16,17.44,1.1
1/25/16,16.78,-0.66
1/26/16,16.7,-0.08
1/27/16,16.25,-0.45
1/28/16,15.52,-0.73
1/29/16,16.24,0.72
2/1/16,15.99,-0.25
2/2/16,15.88,-0.11
2/3/16,15.85,-0.03
2/4/16,15.2,-0.65
2/5/16,14.13,-1.07
2/8/16,12.68,-1.45
2/9/16,11.86,-0.82
2/10/16,11.99,0.13
2/11/16,11.89,-0.1
2/12/16,11.92,0.03
2/16/16,12.36,0.44
2/17/16,14.05,1.69
2/18/16,14.52,0.47
2/19/16,14.96,0.44
2/22/16,15.12,0.16
2/23/16,14.72,-0.4
2/24/16,14.91,0.19
2/25/16,13.85,-1.06
2/26/16,14.57,0.72
2/29/16,13.83,-0.74
3/1/16,13.76,-0.07
3/2/16,13.47,-0.29
3/3/16,12.75,-0.72
3/4/16,12.21,-0.54
3/7/16,12.5,0.29
3/8/16,11.98,-0.52
3/9/16,12.36,0.38
3/10/16,12.14,-0.22
3/11/16,12.28,0.14
3/14/16,11.84,-0.44
3/15/16,11.47,-0.37
3/16/16,11.59,0.12
3/17/16,10.65,-0.94
3/18/16,11.21,0.56
3/21/16,11.23,0.02
3/22/16,10.94,-0.29
3/23/16,10.34,-0.6
3/24/16,9.94,-0.4
3/28/16,9.5,-0.44
3/29/16,9.95,0.45
3/30/16,9.9,-0.05
3/31/16,9.6,-0.3
4/1/16,10.04,0.44
4/4/16,10.02,-0.02
4/5/16,10.13,0.11
4/6/16,10.07,-0.06
4/7/16,10.3,0.23
4/8/16,10.52,0.22
4/11/16,10.07,-0.45
4/12/16,10.37,0.3
4/13/16,11.22,0.85
4/14/16,11.19,-0.03
4/15/16,11.24,0.05
4/18/16,11.14,-0.1
4/19/16,11.4,0.26
4/20/16,11.58,0.18
4/21/16,12.03,0.45
4/22/16,11.9,-0.13
4/25/16,12,0.1
4/26/16,12.08,0.08
4/27/16,12.05,-0.03
4/28/16,12.07,0.02
4/29/16,12.15,0.08
5/2/16,12.34,0.19
5/3/16,11.63,-0.71
5/4/16,11.63,0
5/5/16,10.76,-0.87
5/6/16,10.85,0.09
5/9/16,11.82,0.97
5/10/16,11.8,-0.02
5/11/16,11.64,-0.16
5/12/16,11.07,-0.57
5/13/16,10.05,-1.02
5/16/16,9.58,-0.47
5/17/16,10.25,0.67
5/18/16,10.03,-0.22
5/19/16,9.72,-0.31
5/20/16,9.77,0.05
5/23/16,9.99,0.22
5/24/16,9.92,-0.07
5/25/16,10.28,0.36
5/26/16,10.84,0.56
5/27/16,11.31,0.47
5/31/16,11.43,0.12
6/1/16,11.62,0.19
6/2/16,11.88,0.26
6/3/16,11.82,-0.06
6/6/16,12.25,0.43
6/7/16,12.54,0.29
6/8/16,12.62,0.08
6/9/16,12.66,0.04
6/10/16,12.53,-0.13
6/13/16,12.5,-0.03
6/14/16,12.63,0.13
6/15/16,13.04,0.41
6/16/16,13.36,0.32
6/17/16,12.86,-0.5
6/20/16,12.95,0.09
6/21/16,12.89,-0.06
6/22/16,12.88,-0.01
6/23/16,12.95,0.07
6/24/16,13.08,0.13
6/27/16,13.14,0.06
6/28/16,14.58,1.44
6/29/16,15.93,1.35
6/30/16,16.02,0.09
7/1/16,16.08,0.06
7/5/16,16.02,-0.06
7/6/16,15.93,-0.09
7/7/16,15.93,0
7/8/16,15.28,-0.65
7/11/16,15.4,0.12
7/12/16,15.99,0.59
7/13/16,16.14,0.15
7/14/16,15.51,-0.63
7/15/16,15.45,-0.06
7/18/16,16.05,0.6
7/19/16,17.51,1.46
7/20/16,17.54,0.03
7/21/16,16.9,-0.64
7/22/16,17.66,0.76
7/25/16,17.47,-0.19
7/26/16,17.15,-0.32
7/27/16,17.41,0.26
7/28/16,17.78,0.37
7/29/16,17.44,-0.34
8/2/16,17.98,0.54
8/3/16,17.77,-0.21
8/4/16,15.09,-2.68
8/5/16,16.64,1.55
8/8/16,16.36,-0.28
8/9/16,16.59,0.23
8/10/16,17.24,0.65
8/11/16,17.24,0
8/12/16,17.56,0.32
8/15/16,18.22,0.66
8/16/16,17.89,-0.33
8/17/16,18.78,0.89
8/18/16,19,0.22
8/19/16,18.37,-0.63
8/22/16,17.98,-0.39
8/23/16,18,0.02
8/24/16,17.51,-0.49
8/25/16,16.69,-0.82
8/26/16,17.36,0.67
8/29/16,17.55,0.19
8/30/16,17.69,0.14
8/31/16,17.83,0.14
9/1/16,17.98,0.15
9/2/16,18.5,0.52
9/6/16,18.91,0.41
9/7/16,18.95,0.04
9/8/16,19.07,0.12
9/9/16,18.6,-0.47
9/12/16,18.4,-0.2
9/13/16,17.97,-0.43
9/14/16,18.36,0.39
9/15/16,18.98,0.62
9/16/16,19.02,0.04
9/19/16,18.9,-0.12
9/20/16,18.61,-0.29
9/21/16,18.99,0.38
9/22/16,18.95,-0.04
9/23/16,18.64,-0.31
9/26/16,18.55,-0.09
9/27/16,18.2,-0.35
9/28/16,18.11,-0.09
9/29/16,18.01,-0.1
9/30/16,18.31,0.3
10/3/16,17.83,-0.48
10/4/16,17.65,-0.18
10/5/16,17.61,-0.04
10/6/16,16.55,-1.06
10/7/16,16.7,0.15
10/10/16,17.12,0.42
10/11/16,16.48,-0.64
10/12/16,16.31,-0.17
10/13/16,16.41,0.1
10/14/16,15.77,-0.64
10/17/16,15.95,0.18
10/18/16,16.55,0.6
10/19/16,16.35,-0.2
10/20/16,16.7,0.35
10/21/16,16.55,-0.15
10/24/16,16.45,-0.1
10/25/16,15.9,-0.55
10/26/16,15.2,-0.7
10/27/16,14.9,-0.3
10/28/16,16.15,1.25
10/31/16,16.25,0.1
11/1/16,16.5,0.25
11/2/16,15.95,-0.55
11/3/16,15.75,-0.2
11/4/16,15.8,0.05
11/7/16,16.9,1.1
11/8/16,17.05,0.15
11/9/16,17.1,0.05
11/10/16,17.7,0.6
11/11/16,17.9,0.2
11/14/16,16.95,-0.95
11/15/16,16.95,0
11/16/16,17.1,0.15
11/17/16,17.45,0.35
11/18/16,17.4,-0.05
11/21/16,17.7,0.3
11/22/16,17.85,0.15
11/23/16,18.3,0.45
11/25/16,18.15,-0.15
11/28/16,17.95,-0.2
11/29/16,18.1,0.15
11/30/16,18.35,0.25
12/1/16,18.15,-0.2
12/2/16,17.95,-0.2
12/5/16,18.45,0.5
12/6/16,19,0.55
12/7/16,18.8,-0.2
12/8/16,18.5,-0.3
12/9/16,17.7,-0.8
12/12/16,17.05,-0.65
12/13/16,16.2,-0.85
12/14/16,16.85,0.65
12/15/16,16.8,-0.05
12/16/16,16.85,0.05
12/19/16,16.4,-0.45
12/20/16,16.35,-0.05
12/21/16,16.6,0.25
12/22/16,16.75,0.15
12/23/16,16.85,0.1
12/27/16,16.75,-0.1
12/28/16,16.55,-0.2
12/29/16,16.65,0.1
12/30/16,16.5,-0.15
1/3/17,16.5,0
1/4/17,16.5,0
1/5/17,16.4,-0.1
1/6/17,16.55,0.15
1/9/17,17.4,0.85
1/10/17,18.05,0.65
1/11/17,18.2,0.15
1/12/17,17.9,-0.3
1/13/17,18.35,0.45
1/17/17,17.4,-0.95
1/18/17,17,-0.4
1/19/17,18.4,1.4
1/20/17,18.65,0.25
1/23/17,18.75,0.1
1/24/17,18.9,0.15
1/25/17,18.95,0.05
1/26/17,19.55,0.6
1/27/17,20.55,1
1/30/17,20.7,0.15
1/31/17,20,-0.7
2/1/17,19.7,-0.3
2/2/17,20.3,0.6
2/3/17,20.45,0.15
2/6/17,20.2,-0.25
2/7/17,20.5,0.3
2/8/17,21.4,0.9
2/9/17,21.25,-0.15
2/10/17,21.7,0.45
2/13/17,21.4,-0.3
2/14/17,21.25,-0.15
2/15/17,20.9,-0.35
2/16/17,21.05,0.15
2/17/17,20.75,-0.3
2/21/17,20.8,0.05
2/22/17,20.75,-0.05
2/23/17,20.85,0.1
2/24/17,21.15,0.3
2/27/17,21.85,0.7
2/28/17,22.05,0.2
3/1/17,22.45,0.4
3/2/17,23.55,1.1
3/3/17,22.3,-1.25
3/6/17,21,-1.3
3/7/17,20,-1
3/8/17,19.8,-0.2
3/9/17,19.85,0.05
3/10/17,21,1.15
3/13/17,21.15,0.15
3/14/17,20.95,-0.2
3/15/17,22.1,1.15
3/16/17,22.25,0.15
3/17/17,23.45,1.2
3/20/17,23.3,-0.15
3/21/17,23.95,0.65
3/22/17,23.9,-0.05
3/23/17,23.95,0.05
3/24/17,25.45,1.5
3/27/17,25.65,0.2
3/28/17,25.7,0.05
3/29/17,24.95,-0.75
3/30/17,25.2,0.25
3/31/17,25,-0.2
4/3/17,24.75,-0.25
4/4/17,24.9,0.15
4/5/17,25.25,0.35
4/6/17,25.3,0.05
4/7/17,24.85,-0.45
4/10/17,24.75,-0.1
4/11/17,24.75,0
4/12/17,24.15,-0.6
4/13/17,24.7,0.55
4/17/17,25.45,0.75
4/18/17,25.8,0.35
4/19/17,25.75,-0.05
4/20/17,26.45,0.7
4/21/17,25.75,-0.7
4/24/17,25.55,-0.2
4/25/17,25.45,-0.1
4/26/17,25.75,0.3
4/27/17,25.1,-0.65
4/28/17,24.8,-0.3
5/1/17,25.1,0.3
5/2/17,25,-0.1
5/3/17,24.8,-0.2
5/4/17,24.85,0.05
5/5/17,23.2,-1.65
5/8/17,22.85,-0.35
5/9/17,28.6,5.75
5/10/17,30.75,2.15
5/11/17,29.7,-1.05
5/12/17,29.45,-0.25
5/15/17,28.8,-0.65
5/16/17,28.55,-0.25
5/17/17,27.55,-1
5/18/17,28.55,1
5/19/17,29.65,1.1
5/22/17,28.5,-1.15
5/23/17,29.05,0.55
5/24/17,29.1,0.05
5/25/17,30.5,1.4
5/26/17,30.3,-0.2
5/30/17,29.6,-0.7
5/31/17,30.6,1
6/1/17,31,0.4
6/2/17,32.9,1.9
6/5/17,32.35,-0.55
6/6/17,33.45,1.1
6/7/17,33.95,0.5
6/8/17,33,-0.95
6/9/17,31.65,-1.35
6/12/17,30.7,-0.95
6/13/17,32.6,1.9
6/14/17,33,0.4
6/15/17,33.35,0.35
6/16/17,34,0.65
6/19/17,35.8,1.8
6/20/17,32.65,-3.15
6/21/17,33.85,1.2
6/22/17,34.65,0.8
6/23/17,36,1.35
6/26/17,35.65,-0.35
6/27/17,34.8,-0.85
6/28/17,36.15,1.35
6/29/17,35.25,-0.9
6/30/17,34.7,-0.55
7/3/17,34.25,-0.45
7/5/17,35.1,0.85
7/6/17,34.7,-0.4
7/7/17,35.15,0.45
7/10/17,35,-0.15
7/11/17,35.2,0.2
7/12/17,35.35,0.15
7/13/17,34.75,-0.6
7/14/17,35.45,0.7
7/17/17,34.95,-0.5
7/18/17,35.15,0.2
7/19/17,35.25,0.1
7/20/17,34.45,-0.8
7/21/17,34.4,-0.05
7/24/17,34.3,-0.1
7/25/17,34.7,0.4
7/26/17,34.35,-0.35
7/27/17,32.5,-1.85
7/28/17,33.75,1.25
7/31/17,32.8,-0.95
8/1/17,32.55,-0.25
8/2/17,30.75,-1.8
8/3/17,30.25,-0.5
8/4/17,30.9,0.65
8/7/17,31.7,0.8
8/8/17,32.65,0.95
8/9/17,31.95,-0.7
8/10/17,30.7,-1.25
8/11/17,30.35,-0.35
8/14/17,30.7,0.35
8/15/17,31.2,0.5
8/16/17,30.05,-1.15
8/17/17,30.15,0.1
8/18/17,29.5,-0.65
8/21/17,28.95,-0.55
8/22/17,29.1,0.15
8/23/17,29.25,0.15
8/24/17,29.95,0.7
8/25/17,29.85,-0.1
8/28/17,32.65,2.8
8/29/17,33.4,0.75
8/30/17,33.25,-0.15
8/31/17,33.55,0.3
9/1/17,34.35,0.8
9/5/17,33.2,-1.15
9/6/17,33,-0.2
9/7/17,31.75,-1.25
9/8/17,33,1.25
9/11/17,33.75,0.75
9/12/17,34,0.25
9/13/17,34.7,0.7
9/14/17,37,2.3
9/15/17,35.95,-1.05
9/18/17,33.5,-2.45
9/19/17,31.35,-2.15
9/20/17,31.35,0
9/21/17,31.7,0.35
9/22/17,32.7,1
9/25/17,31.45,-1.25
9/26/17,31.1,-0.35
9/27/17,31.35,0.25
9/28/17,32.65,1.3
9/29/17,32.65,0
10/2/17,34.2,1.55
10/3/17,34.7,0.5
10/4/17,34.8,0.1
10/5/17,34.35,-0.45
10/6/17,34.35,0
10/9/17,33.6,-0.75
10/10/17,32.3,-1.3
10/11/17,32.3,0
10/12/17,32.85,0.55
10/13/17,32.15,-0.7
10/16/17,32.7,0.55
10/17/17,34,1.3
10/18/17,34.3,0.3
10/19/17,34.05,-0.25
10/20/17,34.25,0.2
10/23/17,33.2,-1.05
10/24/17,32.95,-0.25
10/25/17,32,-0.95
10/26/17,31.75,-0.25
10/27/17,33,1.25
10/30/17,32,-1
10/31/17,33.05,1.05
11/1/17,30.8,-2.25
11/2/17,32.05,1.25
11/3/17,32.5,0.45
11/6/17,31.25,-1.25
11/7/17,31.35,0.1
11/8/17,29.6,-1.75
11/9/17,29.65,0.05
11/10/17,29,-0.65
11/13/17,29.4,0.4
11/14/17,28.3,-1.1
11/15/17,28.05,-0.25
11/16/17,28.7,0.65
11/17/17,28.4,-0.3
11/20/17,30.4,2
11/21/17,33.6,3.2
11/22/17,34,0.4
11/24/17,35.25,1.25
11/27/17,36.75,1.5
11/28/17,36.75,0
11/29/17,35.55,-1.2
11/30/17,37.1,1.55
12/1/17,35.7,-1.4
12/4/17,33.6,-2.1
12/5/17,32.8,-0.8
12/6/17,31.5,-1.3
12/7/17,33.75,2.25
12/8/17,33.55,-0.2
12/11/17,32.3,-1.25
12/12/17,33.25,0.95
12/13/17,34.65,1.4
12/14/17,34,-0.65
12/15/17,35.95,1.95
12/18/17,36.35,0.4
12/19/17,35.6,-0.75
12/20/17,35.6,0
12/21/17,35.2,-0.4
12/22/17,35.2,0
12/26/17,35.9,0.7
12/27/17,35.6,-0.3
12/28/17,35.45,-0.15
12/29/17,34.85,-0.6
1/2/18,36.2,1.35
1/3/18,36.85,0.65
1/4/18,37.2,0.35
1/5/18,37.5,0.3
1/8/18,36.05,-1.45
1/9/18,34.5,-1.55
1/10/18,33.1,-1.4
1/11/18,33.2,0.1
1/12/18,32.65,-0.55
1/16/18,32.75,0.1
1/17/18,32.45,-0.3
1/18/18,31.3,-1.15
1/19/18,32.65,1.35
1/22/18,32.75,0.1
1/23/18,34.55,1.8
1/24/18,34.9,0.35
1/25/18,35.3,0.4
1/26/18,36.5,1.2
1/29/18,36.1,-0.4
1/30/18,36.3,0.2
1/31/18,37.4,1.1
2/1/18,37.05,-0.35
2/2/18,35.3,-1.75
2/5/18,33.95,-1.35
2/6/18,34.7,0.75
2/7/18,34.1,-0.6
2/8/18,33.05,-1.05
2/9/18,32.95,-0.1
2/12/18,33.8,0.85
2/13/18,34.15,0.35
2/14/18,35.75,1.6
2/15/18,36.9,1.15
2/16/18,37.15,0.25
2/20/18,37.75,0.6
2/21/18,38.65,0.9
2/22/18,38.8,0.15
2/23/18,37.95,-0.85
2/26/18,38.55,0.6
2/27/18,37.3,-1.25
2/28/18,40.1,2.8
3/1/18,38.55,-1.55
3/2/18,41.95,3.4
3/5/18,41.95,0
3/6/18,43.45,1.5
3/7/18,44.05,0.6
3/8/18,43.05,-1
3/9/18,43.15,0.1
3/12/18,43.25,0.1
3/13/18,42.8,-0.45
3/14/18,42.95,0.15
3/15/18,42.5,-0.45
3/16/18,41.25,-1.25
3/19/18,41.55,0.3
3/20/18,41.8,0.25
3/21/18,43.1,1.3
3/22/18,42.7,-0.4
3/23/18,42.3,-0.4
3/26/18,43.6,1.3
3/27/18,41.15,-2.45
3/28/18,39.15,-2
3/29/18,40.3,1.15
4/2/18,38.5,-1.8
4/3/18,40,1.5
4/4/18,40.75,0.75
4/5/18,41.4,0.65
4/6/18,39.15,-2.25
4/9/18,38.7,-0.45
4/10/18,39.7,1
4/11/18,40.1,0.4
4/12/18,41.45,1.35
4/13/18,41.15,-0.3
4/16/18,41.65,0.5
4/17/18,42.5,0.85
4/18/18,42.65,0.15
4/19/18,43.05,0.4
4/20/18,42.75,-0.3
4/23/18,42.55,-0.2
4/24/18,41.15,-1.4
4/25/18,40.65,-0.5
4/26/18,42.1,1.45
4/27/18,43,0.9
4/30/18,43,0
5/1/18,42.7,-0.3
5/2/18,45.45,2.75
5/3/18,41.7,-3.75
5/4/18,42.2,0.5
5/7/18,44.35,2.15
5/8/18,45.3,0.95
5/9/18,46.65,1.35
5/10/18,46.65,0
5/11/18,47.85,1.2
5/14/18,48.5,0.65
5/15/18,49.05,0.55
5/16/18,49.45,0.4
5/17/18,48.7,-0.75
5/18/18,49.35,0.65
5/21/18,49.9,0.55
5/22/18,49.6,-0.3
5/23/18,49.85,0.25
5/24/18,50.6,0.75
5/25/18,50.7,0.1
5/29/18,50.8,0.1
5/30/18,51.2,0.4
5/31/18,50.9,-0.3
6/1/18,50.8,-0.1
6/4/18,51.9,1.1
6/5/18,53.8,1.9
6/6/18,54.3,0.5
6/7/18,53,-1.3
6/8/18,53.6,0.6
6/11/18,54.7,1.1
6/12/18,56.7,2
6/13/18,59.05,2.35
6/14/18,60.6,1.55
6/15/18,60.85,0.25
6/18/18,62.15,1.3
6/19/18,60.45,-1.7
6/20/18,62.35,1.9
6/21/18,61.45,-0.9
6/22/18,61.6,0.15
6/25/18,59.55,-2.05
6/26/18,59.65,0.1
6/27/18,55.7,-3.95
6/28/18,57.7,2
6/29/18,58.05,0.35
7/2/18,59.4,1.35
7/3/18,59.85,0.45
7/5/18,62.8,2.95
7/6/18,63.35,0.55
7/9/18,65.15,1.8
7/10/18,62.2,-2.95
7/11/18,62.7,0.5
7/12/18,65.45,2.75
7/13/18,66.1,0.65
7/16/18,67.05,0.95
7/17/18,68.3,1.25
7/18/18,69.15,0.85
7/19/18,70.4,1.25
7/20/18,68.55,-1.85
7/23/18,69.55,1
7/24/18,63.7,-5.85
7/25/18,66.9,3.2
7/26/18,65.9,-1
7/27/18,63.85,-2.05
7/30/18,61.05,-2.8
7/31/18,59.85,-1.2
8/1/18,61.85,2
8/2/18,65.25,3.4
8/3/18,62.5,-2.75
8/6/18,66,3.5
8/7/18,66.7,0.7
8/8/18,69.35,2.65
8/9/18,69,-0.35
8/10/18,71.85,2.85
8/13/18,69.5,-2.35
8/14/18,71.7,2.2
8/15/18,70.75,-0.95
8/16/18,72.6,1.85
8/17/18,73.95,1.35
8/20/18,75.3,1.35
8/21/18,74.85,-0.45
8/22/18,75.7,0.85
8/23/18,75.8,0.1
8/24/18,75.75,-0.05
8/27/18,74.05,-1.7
8/28/18,74.5,0.45
8/29/18,74.05,-0.45
8/30/18,75.95,1.9
8/31/18,77.55,1.6
9/4/18,79.15,1.6
9/5/18,77.3,-1.85
9/6/18,76.45,-0.85
9/7/18,77.05,0.6
9/10/18,77.15,0.1
9/11/18,78.15,1
9/12/18,76.95,-1.2
9/13/18,77.75,0.8
9/14/18,77.3,-0.45
9/17/18,74.6,-2.7
9/18/18,76.95,2.35
9/19/18,75.45,-1.5
9/20/18,75.4,-0.05
9/21/18,78.1,2.7
9/24/18,78.5,0.4
9/25/18,80.75,2.25
9/26/18,78.55,-2.2
9/27/18,82.5,3.95
9/28/18,86.35,3.85
10/1/18,83.72,-2.63
10/2/18,80.37,-3.35
10/3/18,79.9,-0.47
10/4/18,78.07,-1.83
10/5/18,75.83,-2.24
10/8/18,71,-4.83
10/9/18,69.25,-1.75
10/10/18,63.43,-5.82
10/11/18,62.43,-1
10/12/18,65.94,3.51
10/15/18,66.37,0.43
10/16/18,70.87,4.5
10/17/18,69.95,-0.92
10/18/18,68.23,-1.72
10/19/18,67.09,-1.14
10/22/18,69.14,2.05
10/23/18,67.18,-1.96
10/24/18,62.15,-5.03
10/25/18,65.96,3.81
10/26/18,62.51,-3.45
10/29/18,63.22,0.71
10/30/18,67.19,3.97
10/31/18,69.34,2.15
11/1/18,69.52,0.18
11/2/18,72.51,2.99
11/5/18,63.34,-9.17
11/6/18,63.41,0.07
11/7/18,68.28,4.87
11/8/18,65.33,-2.95
11/9/18,62.49,-2.84
11/12/18,60.56,-1.93
11/13/18,58.51,-2.05
11/14/18,57.4,-1.11
11/15/18,60.29,2.89
11/16/18,59.08,-1.21
11/19/18,52.94,-6.14
11/20/18,54.76,1.82
11/21/18,54.92,0.16
11/23/18,55.75,0.83
11/26/18,58.41,2.66
11/27/18,59.35,0.94
11/28/18,63.54,4.19
11/29/18,64.09,0.55
11/30/18,62.45,-1.64
12/3/18,64.88,2.43
12/4/18,59.81,-5.07
12/6/18,55.81,-4
12/7/18,53.41,-2.4
12/10/18,52.34,-1.07
12/11/18,53.49,1.15
12/12/18,53.71,0.22
12/13/18,52.45,-1.26
12/14/18,51.17,-1.28
12/17/18,47.87,-3.3
12/18/18,47.99,0.12
12/19/18,48.58,0.59
12/20/18,45.87,-2.71
12/21/18,44.01,-1.86
12/24/18,42.88,-1.13
12/26/18,48.33,5.45
12/27/18,48.33,0
12/28/18,48.41,0.08
12/31/18,49.57,1.16
1/2/19,48.18,-1.39
1/3/19,46.23,-1.95
1/4/19,49.44,3.21
1/7/19,52.13,2.69
1/8/19,53.78,1.65
1/9/19,55.07,1.29
1/10/19,55.55,0.48
1/11/19,55.47,-0.08
1/14/19,57.13,1.66
1/15/19,59.24,2.11
1/16/19,60.43,1.19
1/17/19,63.29,2.86
1/18/19,62.38,-0.91
1/22/19,60.48,-1.9
1/23/19,60.17,-0.31
1/24/19,61.03,0.86
1/25/19,63,1.97
1/28/19,62.04,-0.96
1/29/19,60.76,-1.28
1/30/19,62.07,1.31
1/31/19,64.2,2.13
2/1/19,63.2,-1
2/4/19,64.42,1.22
2/5/19,63.82,-0.6
2/6/19,64,0.18
2/7/19,62.25,-1.75
2/8/19,62.59,0.34
2/11/19,63.57,0.98
2/12/19,65.77,2.2
2/13/19,66.65,0.88
2/14/19,66.58,-0.07
2/15/19,69.43,2.85
2/19/19,69.99,0.56
2/20/19,69.5,-0.49
2/21/19,68.25,-1.25
2/22/19,69.15,0.9
2/25/19,69.98,0.83
2/26/19,67.41,-2.57
2/27/19,68.99,1.58
2/28/19,64.36,-4.63
3/1/19,67.55,3.19
3/4/19,63.13,-4.42
3/5/19,63.75,0.62
3/6/19,60.16,-3.59
3/7/19,59.32,-0.84
3/8/19,58.92,-0.4
3/11/19,58.74,-0.18
3/12/19,58.09,-0.65
3/13/19,60.15,2.06
3/14/19,60.94,0.79
3/15/19,62.86,1.92
3/18/19,63.1,0.24
3/19/19,63.12,0.02
3/20/19,61.99,-1.13
3/21/19,63.26,1.27
3/22/19,58.77,-4.49
3/25/19,55.66,-3.11
3/26/19,52.5,-3.16
3/27/19,50.87,-1.63
3/28/19,53.68,2.81
3/29/19,55.6,1.92
4/1/19,53.63,-1.97
4/2/19,55.52,1.89
4/3/19,55.46,-0.06
4/4/19,57.01,1.55
4/5/19,58.49,1.48
4/8/19,57.06,-1.43
4/9/19,55.93,-1.13
4/10/19,56.57,0.64
4/11/19,55.15,-1.42
4/12/19,53.45,-1.7
4/15/19,54.03,0.58
4/16/19,52.55,-1.48
4/17/19,49.86,-2.69
4/18/19,51.6,1.74
4/22/19,54.96,3.36
4/23/19,54.36,-0.6
4/24/19,54.46,0.1
4/25/19,55.03,0.57
4/26/19,57.75,2.72
4/29/19,59.19,1.44
4/30/19,56.88,-2.31
5/1/19,58,1.12
5/2/19,58,0
5/3/19,60.93,2.93
5/6/19,62.55,1.62
5/7/19,61.72,-0.83
5/8/19,61.56,-0.16
5/9/19,61.5,-0.06
5/10/19,60.97,-0.53
5/13/19,58.03,-2.94
5/14/19,58.52,0.49
5/15/19,59.1,0.58
5/16/19,61.48,2.38
5/17/19,59.43,-2.05
5/20/19,60.61,1.18
5/21/19,63.18,2.57
5/22/19,63.03,-0.15
5/23/19,59.89,-3.14
5/24/19,61.2,1.31
5/28/19,61.2,0
5/29/19,58.04,-3.16
5/30/19,58.1,0.06